"","MF.Fraction","MassBankMatch","MassBankppm","MassBankCosine1","ID","Names","spectrum_KRHform_filtered","MH_mass.x","MH_mass.y","MS2","scan1","scan2","mass1","mass2","Cosine1"
"1","I102.0549R12.14_HILICNeg_X_HILICNeg",NA,NA,NA,NA,NA,NA,NA,NA,NA,NA,NA,NA,NA,NA
"2","Uracil_X_HILICNeg",NA,NA,NA,NA,NA,NA,NA,NA,NA,NA,NA,NA,NA,NA
"3","I124.0064R10.88_HILICNeg_X_HILICNeg",NA,NA,NA,NA,NA,NA,NA,NA,NA,NA,NA,NA,NA,NA
"4","Isethionic Acid_X_HILICNeg",NA,NA,NA,NA,NA,NA,NA,NA,NA,NA,NA,NA,NA,NA
"5","I126.904R4.8_HILICNeg_X_HILICNeg",NA,NA,NA,NA,NA,NA,NA,NA,NA,NA,NA,NA,NA,NA
"6","L-Pyroglutamic acid_X_HILICNeg",NA,NA,NA,NA,NA,NA,NA,NA,NA,NA,NA,NA,NA,NA
"7","Malic Acid_X_HILICNeg",NA,NA,NA,NA,NA,NA,NA,NA,NA,NA,NA,NA,NA,NA
"8","Amino Propanesulfonic Acid_X_HILICNeg",NA,NA,NA,NA,NA,NA,NA,NA,NA,NA,NA,NA,NA,NA
"9","I139.0157R7.24_HILICNeg_X_HILICNeg",NA,NA,NA,NA,NA,NA,NA,NA,NA,NA,NA,NA,NA,NA
"10","I148.9235R3.57_HILICNeg_X_HILICNeg",NA,NA,NA,NA,NA,NA,NA,NA,NA,NA,NA,NA,NA,NA
"11","DHPS_X_HILICNeg",NA,NA,NA,NA,NA,NA,NA,NA,NA,NA,NA,NA,NA,NA
"12","N-acetyltaurine_X_HILICNeg",NA,NA,NA,NA,NA,NA,NA,NA,NA,NA,NA,NA,NA,NA
"13","I167.0204R10.56_HILICNeg_X_HILICNeg",NA,NA,NA,NA,NA,NA,NA,NA,NA,NA,NA,NA,NA,NA
"14","Cysteic Acid_X_HILICNeg",NA,NA,NA,NA,NA,NA,NA,NA,NA,NA,NA,NA,NA,NA
"15","Sulfolactic Acid_X_HILICNeg",NA,NA,NA,NA,NA,NA,NA,NA,NA,NA,NA,NA,NA,NA
"16","I172.0067R5.44_HILICNeg_X_HILICNeg",NA,NA,NA,NA,NA,NA,NA,NA,NA,NA,NA,NA,NA,NA
"17","I186.0253R12.12_HILICNeg_X_HILICNeg",NA,NA,NA,NA,NA,NA,NA,NA,NA,NA,NA,NA,NA,NA
"18","I192.9131R3.72_HILICNeg_X_HILICNeg",NA,NA,NA,NA,NA,NA,NA,NA,NA,NA,NA,NA,NA,NA
"19","I192.9808R2.93_HILICNeg_X_HILICNeg",NA,NA,NA,NA,NA,NA,NA,NA,NA,NA,NA,NA,NA,NA
"20","I194.9965R12.04_HILICNeg_X_HILICNeg",NA,NA,NA,NA,NA,NA,NA,NA,NA,NA,NA,NA,NA,NA
"21","Gluconic Acid_X_HILICNeg",NA,NA,NA,NA,NA,NA,NA,NA,NA,NA,NA,NA,NA,NA
"22","I214.0388R5.25_HILICNeg_X_HILICNeg",NA,NA,NA,NA,NA,NA,NA,NA,NA,NA,NA,NA,NA,NA
"23","I214.0484R11.68_HILICNeg_X_HILICNeg",NA,NA,NA,NA,NA,NA,NA,NA,NA,NA,NA,NA,NA,NA
"24","I217.93R10.87_HILICNeg_X_HILICNeg",NA,NA,NA,NA,NA,NA,NA,NA,NA,NA,NA,NA,NA,NA
"25","I219.9271R10.87_HILICNeg_X_HILICNeg",NA,NA,NA,NA,NA,NA,NA,NA,NA,NA,NA,NA,NA,NA
"26","I221.022R10.39_HILICNeg_X_HILICNeg",NA,NA,NA,NA,NA,NA,NA,NA,NA,NA,NA,NA,NA,NA
"27","I225.1607R2.2_HILICNeg_X_HILICNeg",NA,NA,NA,NA,NA,NA,NA,NA,NA,NA,NA,NA,NA,NA
"28","I229.1557R2_HILICNeg_X_HILICNeg",NA,NA,NA,NA,NA,NA,NA,NA,NA,NA,NA,NA,NA,NA
"29","I232.0231R10.77_HILICNeg_X_HILICNeg",NA,NA,NA,NA,NA,NA,NA,NA,NA,NA,NA,NA,NA,NA
"30","I239.002R2.89_HILICNeg_X_HILICNeg",NA,NA,NA,NA,NA,NA,NA,NA,NA,NA,NA,NA,NA,NA
"31","I241.0119R13.69_HILICNeg_X_HILICNeg",NA,NA,NA,NA,NA,NA,NA,NA,NA,NA,NA,NA,NA,NA
"32","Thymidine_X_HILICNeg",NA,NA,NA,NA,NA,NA,NA,NA,NA,NA,NA,NA,NA,NA
"33","Cytidine_X_HILICNeg",NA,NA,NA,NA,NA,NA,NA,NA,NA,NA,NA,NA,NA,NA
"34","Uridine_X_HILICNeg",NA,NA,NA,NA,NA,NA,NA,NA,NA,NA,NA,NA,NA,NA
"35","I243.1715R1.84_HILICNeg_X_HILICNeg",NA,NA,NA,NA,NA,NA,NA,NA,NA,NA,NA,NA,NA,NA
"36","I244.0495R6.68_HILICNeg_X_HILICNeg",NA,NA,NA,NA,NA,NA,NA,NA,NA,NA,NA,NA,NA,NA
"37","I244.0828R9.94_HILICNeg_X_HILICNeg",NA,NA,NA,NA,NA,NA,NA,NA,NA,NA,NA,NA,NA,NA
"38","I253.9168R1.77_HILICNeg_X_HILICNeg",NA,NA,NA,NA,NA,NA,NA,NA,NA,NA,NA,NA,NA,NA
"39","I261.9827R12.12_HILICNeg_X_HILICNeg",NA,NA,NA,NA,NA,NA,NA,NA,NA,NA,NA,NA,NA,NA
"40","I267.0726R11.17_HILICNeg_X_HILICNeg",NA,NA,NA,NA,NA,NA,NA,NA,NA,NA,NA,NA,NA,NA
"41","Inosine_X_HILICNeg",NA,NA,NA,NA,NA,NA,NA,NA,NA,NA,NA,NA,NA,NA
"42","I275.9414R1.7_HILICNeg_X_HILICNeg",NA,NA,NA,NA,NA,NA,NA,NA,NA,NA,NA,NA,NA,NA
"43","I276.9109R1.79_HILICNeg_X_HILICNeg",NA,NA,NA,NA,NA,NA,NA,NA,NA,NA,NA,NA,NA,NA
"44","I277.9097R1.79_HILICNeg_X_HILICNeg",NA,NA,NA,NA,NA,NA,NA,NA,NA,NA,NA,NA,NA,NA
"45","I292.0727R10.9_HILICNeg_X_HILICNeg",NA,NA,NA,NA,NA,NA,NA,NA,NA,NA,NA,NA,NA,NA
"46","I298.957R7.41_HILICNeg_X_HILICNeg",NA,NA,NA,NA,NA,NA,NA,NA,NA,NA,NA,NA,NA,NA
"47","I300.8705R4.81_HILICNeg_X_HILICNeg",NA,NA,NA,NA,NA,NA,NA,NA,NA,NA,NA,NA,NA,NA
"48","I302.0009R7.07_HILICNeg_X_HILICNeg",NA,NA,NA,NA,NA,NA,NA,NA,NA,NA,NA,NA,NA,NA
"49","I304.079R2.8_HILICNeg_X_HILICNeg",NA,NA,NA,NA,NA,NA,NA,NA,NA,NA,NA,NA,NA,NA
"50","I316.0457R12.61_HILICNeg_X_HILICNeg",NA,NA,NA,NA,NA,NA,NA,NA,NA,NA,NA,NA,NA,NA
"51","I317.0553R12.1_HILICNeg_X_HILICNeg",NA,NA,NA,NA,NA,NA,NA,NA,NA,NA,NA,NA,NA,NA
"52","I325.0188R11.15_HILICNeg_X_HILICNeg",NA,NA,NA,NA,NA,NA,NA,NA,NA,NA,NA,NA,NA,NA
"53","I327.1204R10.42_HILICNeg_X_HILICNeg",NA,NA,NA,NA,NA,NA,NA,NA,NA,NA,NA,NA,NA,NA
"54","I329.0856R4.34_HILICNeg_X_HILICNeg",NA,NA,NA,NA,NA,NA,NA,NA,NA,NA,NA,NA,NA,NA
"55","I331.1154R11.28_HILICNeg_X_HILICNeg",NA,NA,NA,NA,NA,NA,NA,NA,NA,NA,NA,NA,NA,NA
"56","I338.006R9.9_HILICNeg_X_HILICNeg",NA,NA,NA,NA,NA,NA,NA,NA,NA,NA,NA,NA,NA,NA
"57","I340.0028R9.93_HILICNeg_X_HILICNeg",NA,NA,NA,NA,NA,NA,NA,NA,NA,NA,NA,NA,NA,NA
"58","Sucrose_X_HILICNeg",NA,NA,NA,NA,NA,NA,NA,NA,NA,NA,NA,NA,NA,NA
"59","Trehalose_X_HILICNeg",NA,NA,NA,NA,NA,NA,NA,NA,NA,NA,NA,NA,NA,NA
"60","I346.0564R12.06_HILICNeg_X_HILICNeg",NA,NA,NA,NA,NA,NA,NA,NA,NA,NA,NA,NA,NA,NA
"61","I376.9346R7.43_HILICNeg_X_HILICNeg",NA,NA,NA,NA,NA,NA,NA,NA,NA,NA,NA,NA,NA,NA
"62","I379.083R11.37_HILICNeg_X_HILICNeg",NA,NA,NA,NA,NA,NA,NA,NA,NA,NA,NA,NA,NA,NA
"63","I386.0341R16.12_HILICNeg_X_HILICNeg",NA,NA,NA,NA,NA,NA,NA,NA,NA,NA,NA,NA,NA,NA
"64","I387.2256R2.2_HILICNeg_X_HILICNeg",NA,NA,NA,NA,NA,NA,NA,NA,NA,NA,NA,NA,NA,NA
"65","I401.241R2.14_HILICNeg_X_HILICNeg",NA,NA,NA,NA,NA,NA,NA,NA,NA,NA,NA,NA,NA,NA
"66","I414.1638R9.08_HILICNeg_X_HILICNeg",NA,NA,NA,NA,NA,NA,NA,NA,NA,NA,NA,NA,NA,NA
"67","I429.1257R12.32_HILICNeg_X_HILICNeg",NA,NA,NA,NA,NA,NA,NA,NA,NA,NA,NA,NA,NA,NA
"68","I479.7914R1.79_HILICNeg_X_HILICNeg",NA,NA,NA,NA,NA,NA,NA,NA,NA,NA,NA,NA,NA,NA
"69","I495.0783R2.22_HILICNeg_X_HILICNeg",NA,NA,NA,NA,NA,NA,NA,NA,NA,NA,NA,NA,NA,NA
"70","I533.0521R2.2_HILICNeg_X_HILICNeg",NA,NA,NA,NA,NA,NA,NA,NA,NA,NA,NA,NA,NA,NA
"71","I606.0756R12.98_HILICNeg_X_HILICNeg",NA,NA,NA,NA,NA,NA,NA,NA,NA,NA,NA,NA,NA,NA
"72","I620.9939R2.17_HILICNeg_X_HILICNeg",NA,NA,NA,NA,NA,NA,NA,NA,NA,NA,NA,NA,NA,NA
"73","I622.9911R2.17_HILICNeg_X_HILICNeg",NA,NA,NA,NA,NA,NA,NA,NA,NA,NA,NA,NA,NA,NA
"74","NAD_X_HILICNeg",NA,NA,NA,NA,NA,NA,NA,NA,NA,NA,NA,NA,NA,NA
"75","I84.045R12.12_HILICPos_X_HILICPos",NA,NA,NA,NA,NA,NA,NA,NA,NA,NA,NA,NA,NA,NA
"76","I87.0446R10.14_HILICPos_X_HILICPos",NA,NA,NA,NA,NA,NA,NA,NA,NA,NA,NA,NA,NA,NA
"77","Alanine_X_HILICPos",NA,NA,NA,NA,NA,NA,NA,NA,NA,NA,NA,NA,NA,NA
"78","beta-Alanine_X_HILICPos",NA,NA,NA,NA,NA,NA,NA,NA,NA,NA,NA,NA,NA,NA
"79","Sarcosine_X_HILICPos",NA,NA,NA,NA,NA,NA,NA,NA,NA,NA,NA,NA,NA,NA
"80","I93.0578R5.36_HILICPos_X_HILICPos",NA,NA,NA,NA,NA,NA,NA,NA,NA,NA,NA,NA,NA,NA
"81","I96.0449R5.35_HILICPos_X_HILICPos",NA,NA,NA,NA,NA,NA,NA,NA,NA,NA,NA,NA,NA,NA
"82","I104.1074R10.68_HILICPos_X_HILICPos",NA,NA,NA,NA,NA,NA,NA,NA,NA,NA,NA,NA,NA,NA
"83","Serine_X_HILICPos",NA,NA,NA,NA,NA,NA,NA,NA,NA,NA,NA,NA,NA,NA
"84","I107.0734R9.09_HILICPos_X_HILICPos",NA,NA,NA,NA,NA,NA,NA,NA,NA,NA,NA,NA,NA,NA
"85","Hypotaurine_X_HILICPos",NA,NA,NA,NA,NA,NA,NA,NA,NA,NA,NA,NA,NA,NA
"86","Cytosine_X_HILICPos",NA,NA,NA,NA,NA,NA,NA,NA,NA,NA,NA,NA,NA,NA
"87","I116.0709R8.8_HILICPos_X_HILICPos",NA,NA,NA,NA,NA,NA,NA,NA,NA,NA,NA,NA,NA,NA
"88","I118.0864R7.19_HILICPos_X_HILICPos",NA,NA,NA,NA,NA,NA,NA,NA,NA,NA,NA,NA,NA,NA
"89","Homoserine_X_HILICPos",NA,NA,NA,NA,NA,NA,NA,NA,NA,NA,NA,NA,NA,NA
"90","Threonine_X_HILICPos",NA,NA,NA,NA,NA,NA,NA,NA,NA,NA,NA,NA,NA,NA
"91","I120.0811R5.29_HILICPos_X_HILICPos",NA,NA,NA,NA,NA,NA,NA,NA,NA,NA,NA,NA,NA,NA
"92","I121.032R8.27_HILICPos_X_HILICPos",NA,NA,NA,NA,NA,NA,NA,NA,NA,NA,NA,NA,NA,NA
"93","I121.0684R10.7_HILICPos_X_HILICPos",NA,NA,NA,NA,NA,NA,NA,NA,NA,NA,NA,NA,NA,NA
"94","Vitamin B3_X_HILICPos",NA,NA,NA,NA,NA,NA,NA,NA,NA,NA,NA,NA,NA,NA
"95","I130.05R11.1_HILICPos_X_HILICPos",NA,NA,NA,NA,NA,NA,NA,NA,NA,NA,NA,NA,NA,NA
"96","I131.0704R10.12_HILICPos_X_HILICPos",NA,NA,NA,NA,NA,NA,NA,NA,NA,NA,NA,NA,NA,NA
"97","Creatine_X_HILICPos",NA,NA,NA,NA,NA,NA,NA,NA,NA,NA,NA,NA,NA,NA
"98","I132.102R9.3_HILICPos_X_HILICPos",NA,NA,NA,NA,NA,NA,NA,NA,NA,NA,NA,NA,NA,NA
"99","I132.102R6.53_HILICPos_X_HILICPos",NA,NA,NA,NA,NA,NA,NA,NA,NA,NA,NA,NA,NA,NA
"100","Asparagine_X_HILICPos",NA,NA,NA,NA,NA,NA,NA,NA,NA,NA,NA,NA,NA,NA
"101","Ornithine_X_HILICPos",NA,NA,NA,NA,NA,NA,NA,NA,NA,NA,NA,NA,NA,NA
"102","Aspartic acid_X_HILICPos",NA,NA,NA,NA,NA,NA,NA,NA,NA,NA,NA,NA,NA,NA
"103","I134.0813R10.18_HILICPos_X_HILICPos",NA,NA,NA,NA,NA,NA,NA,NA,NA,NA,NA,NA,NA,NA
"104","DMSP_HILICPos_X_HILICPos",NA,NA,NA,NA,NA,NA,NA,NA,NA,NA,NA,NA,NA,NA
"105","I136.0508R7.09_HILICPos_X_HILICPos",NA,NA,NA,NA,NA,NA,NA,NA,NA,NA,NA,NA,NA,NA
"106","Adenine_X_HILICPos",NA,NA,NA,NA,NA,NA,NA,NA,NA,NA,NA,NA,NA,NA
"107","I137.0459R6.2_HILICPos_X_HILICPos",NA,NA,NA,NA,NA,NA,NA,NA,NA,NA,NA,NA,NA,NA
"108","I137.0459R7.49_HILICPos_X_HILICPos",NA,NA,NA,NA,NA,NA,NA,NA,NA,NA,NA,NA,NA,NA
"109","I138.0549R5.35_HILICPos_X_HILICPos",NA,NA,NA,NA,NA,NA,NA,NA,NA,NA,NA,NA,NA,NA
"110","I138.055R7.72_HILICPos_X_HILICPos",NA,NA,NA,NA,NA,NA,NA,NA,NA,NA,NA,NA,NA,NA
"111","I141.0659R7.2_HILICPos_X_HILICPos",NA,NA,NA,NA,NA,NA,NA,NA,NA,NA,NA,NA,NA,NA
"112","I143.0816R7.97_HILICPos_X_HILICPos",NA,NA,NA,NA,NA,NA,NA,NA,NA,NA,NA,NA,NA,NA
"113","I144.1019R6.44_HILICPos_X_HILICPos",NA,NA,NA,NA,NA,NA,NA,NA,NA,NA,NA,NA,NA,NA
"114","I145.0608R10.18_HILICPos_X_HILICPos",NA,NA,NA,NA,NA,NA,NA,NA,NA,NA,NA,NA,NA,NA
"115","Glutamine_X_HILICPos",NA,NA,NA,NA,NA,NA,NA,NA,NA,NA,NA,NA,NA,NA
"116","Lysine_X_HILICPos",NA,NA,NA,NA,NA,NA,NA,NA,NA,NA,NA,NA,NA,NA
"117","I148.0605R12.12_HILICPos_X_HILICPos",NA,NA,NA,NA,NA,NA,NA,NA,NA,NA,NA,NA,NA,NA
"118","beta-Glutamic acid_X_HILICPos",NA,NA,NA,NA,NA,NA,NA,NA,NA,NA,NA,NA,NA,NA
"119","I148.0968R8.21_HILICPos_X_HILICPos",NA,NA,NA,NA,NA,NA,NA,NA,NA,NA,NA,NA,NA,NA
"120","I149.0631R10.15_HILICPos_X_HILICPos",NA,NA,NA,NA,NA,NA,NA,NA,NA,NA,NA,NA,NA,NA
"121","Methionine_X_HILICPos",NA,NA,NA,NA,NA,NA,NA,NA,NA,NA,NA,NA,NA,NA
"122","I150.0775R6.27_HILICPos_X_HILICPos",NA,NA,NA,NA,NA,NA,NA,NA,NA,NA,NA,NA,NA,NA
"123","I151.1441R6.61_HILICPos_X_HILICPos",NA,NA,NA,NA,NA,NA,NA,NA,NA,NA,NA,NA,NA,NA
"124","I152.0567R7.37_HILICPos_X_HILICPos",NA,NA,NA,NA,NA,NA,NA,NA,NA,NA,NA,NA,NA,NA
"125","I152.0567R8.12_HILICPos_X_HILICPos",NA,NA,NA,NA,NA,NA,NA,NA,NA,NA,NA,NA,NA,NA
"126","I152.0707R9.08_HILICPos_X_HILICPos",NA,NA,NA,NA,NA,NA,NA,NA,NA,NA,NA,NA,NA,NA
"127","I154.0532R5.23_HILICPos_X_HILICPos",NA,NA,NA,NA,NA,NA,NA,NA,NA,NA,NA,NA,NA,NA
"128","I154.0723R8.97_HILICPos_X_HILICPos",NA,NA,NA,NA,NA,NA,NA,NA,NA,NA,NA,NA,NA,NA
"129","I155.0815R8.72_HILICPos_X_HILICPos",NA,NA,NA,NA,NA,NA,NA,NA,NA,NA,NA,NA,NA,NA
"130","Histidine_X_HILICPos",NA,NA,NA,NA,NA,NA,NA,NA,NA,NA,NA,NA,NA,NA
"131","I157.0973R7.33_HILICPos_X_HILICPos",NA,NA,NA,NA,NA,NA,NA,NA,NA,NA,NA,NA,NA,NA
"132","I158.0813R7.81_HILICPos_X_HILICPos",NA,NA,NA,NA,NA,NA,NA,NA,NA,NA,NA,NA,NA,NA
"133","I158.1176R5.48_HILICPos_X_HILICPos",NA,NA,NA,NA,NA,NA,NA,NA,NA,NA,NA,NA,NA,NA
"134","I160.037R5.34_HILICPos_X_HILICPos",NA,NA,NA,NA,NA,NA,NA,NA,NA,NA,NA,NA,NA,NA
"135","I160.0969R8.37_HILICPos_X_HILICPos",NA,NA,NA,NA,NA,NA,NA,NA,NA,NA,NA,NA,NA,NA
"136","I160.0969R6.82_HILICPos_X_HILICPos",NA,NA,NA,NA,NA,NA,NA,NA,NA,NA,NA,NA,NA,NA
"137","I160.0969R7.56_HILICPos_X_HILICPos",NA,NA,NA,NA,NA,NA,NA,NA,NA,NA,NA,NA,NA,NA
"138","I161.0631R9.25_HILICPos_X_HILICPos",NA,NA,NA,NA,NA,NA,NA,NA,NA,NA,NA,NA,NA,NA
"139","I162.1125R8.11_HILICPos_X_HILICPos",NA,NA,NA,NA,NA,NA,NA,NA,NA,NA,NA,NA,NA,NA
"140","I162.1125R6.83_HILICPos_X_HILICPos",NA,NA,NA,NA,NA,NA,NA,NA,NA,NA,NA,NA,NA,NA
"141","Carnitine_X_HILICPos",NA,NA,NA,NA,NA,NA,NA,NA,NA,NA,NA,NA,NA,NA
"142","I165.0581R8.33_HILICPos_X_HILICPos",NA,NA,NA,NA,NA,NA,NA,NA,NA,NA,NA,NA,NA,NA
"143","Methionine Sulfoxide_X_HILICPos",NA,NA,NA,NA,NA,NA,NA,NA,NA,NA,NA,NA,NA,NA
"144","I170.0684R16.91_HILICPos_X_HILICPos",NA,NA,NA,NA,NA,NA,NA,NA,NA,NA,NA,NA,NA,NA
"145","I170.1176R8.07_HILICPos_X_HILICPos",NA,NA,NA,NA,NA,NA,NA,NA,NA,NA,NA,NA,NA,NA
"146","I173.0921R8.33_HILICPos_X_HILICPos",NA,NA,NA,NA,NA,NA,NA,NA,NA,NA,NA,NA,NA,NA
"147","I174.022R5.45_HILICPos_X_HILICPos",NA,NA,NA,NA,NA,NA,NA,NA,NA,NA,NA,NA,NA,NA
"148","I174.1126R6.89_HILICPos_X_HILICPos",NA,NA,NA,NA,NA,NA,NA,NA,NA,NA,NA,NA,NA,NA
"149","I174.1126R8.06_HILICPos_X_HILICPos",NA,NA,NA,NA,NA,NA,NA,NA,NA,NA,NA,NA,NA,NA
"150","I175.119R17.83_HILICPos_X_HILICPos",NA,NA,NA,NA,NA,NA,NA,NA,NA,NA,NA,NA,NA,NA
"151","I176.0918R10.77_HILICPos_X_HILICPos",NA,NA,NA,NA,NA,NA,NA,NA,NA,NA,NA,NA,NA,NA
"152","I176.0918R7.43_HILICPos_X_HILICPos",NA,NA,NA,NA,NA,NA,NA,NA,NA,NA,NA,NA,NA,NA
"153","Citrulline_X_HILICPos",NA,NA,NA,NA,NA,NA,NA,NA,NA,NA,NA,NA,NA,NA
"154","I176.1281R10.33_HILICPos_X_HILICPos",NA,NA,NA,NA,NA,NA,NA,NA,NA,NA,NA,NA,NA,NA
"155","I176.1282R7.85_HILICPos_X_HILICPos",NA,NA,NA,NA,NA,NA,NA,NA,NA,NA,NA,NA,NA,NA
"156","I177.0581R9.17_HILICPos_X_HILICPos",NA,NA,NA,NA,NA,NA,NA,NA,NA,NA,NA,NA,NA,NA
"157","I177.0582R7.98_HILICPos_X_HILICPos",NA,NA,NA,NA,NA,NA,NA,NA,NA,NA,NA,NA,NA,NA
"158","I179.0048R7.02_HILICPos_X_HILICPos",NA,NA,NA,NA,NA,NA,NA,NA,NA,NA,NA,NA,NA,NA
"159","I179.024R6.59_HILICPos_X_HILICPos",NA,NA,NA,NA,NA,NA,NA,NA,NA,NA,NA,NA,NA,NA
"160","Gonyol_X_HILICPos",NA,NA,NA,NA,NA,NA,NA,NA,NA,NA,NA,NA,NA,NA
"161","I180.1019R8.38_HILICPos_X_HILICPos",NA,NA,NA,NA,NA,NA,NA,NA,NA,NA,NA,NA,NA,NA
"162","Tyrosine_X_HILICPos",NA,NA,NA,NA,NA,NA,NA,NA,NA,NA,NA,NA,NA,NA
"163","I185.0922R8.02_HILICPos_X_HILICPos",NA,NA,NA,NA,NA,NA,NA,NA,NA,NA,NA,NA,NA,NA
"164","I188.0707R7.54_HILICPos_X_HILICPos",NA,NA,NA,NA,NA,NA,NA,NA,NA,NA,NA,NA,NA,NA
"165","I189.1235R6.93_HILICPos_X_HILICPos",NA,NA,NA,NA,NA,NA,NA,NA,NA,NA,NA,NA,NA,NA
"166","N(e)-Acetyl-Lysine_X_HILICPos",NA,NA,NA,NA,NA,NA,NA,NA,NA,NA,NA,NA,NA,NA
"167","I193.0531R10.87_HILICPos_X_HILICPos",NA,NA,NA,NA,NA,NA,NA,NA,NA,NA,NA,NA,NA,NA
"168","I193.0894R10.12_HILICPos_X_HILICPos",NA,NA,NA,NA,NA,NA,NA,NA,NA,NA,NA,NA,NA,NA
"169","I195.0765R10.08_HILICPos_X_HILICPos",NA,NA,NA,NA,NA,NA,NA,NA,NA,NA,NA,NA,NA,NA
"170","I196.083R5.03_HILICPos_X_HILICPos",NA,NA,NA,NA,NA,NA,NA,NA,NA,NA,NA,NA,NA,NA
"171","I204.1232R7.22_HILICPos_X_HILICPos",NA,NA,NA,NA,NA,NA,NA,NA,NA,NA,NA,NA,NA,NA
"172","I204.1233R3.65_HILICPos_X_HILICPos",NA,NA,NA,NA,NA,NA,NA,NA,NA,NA,NA,NA,NA,NA
"173","I206.0351R6.59_HILICPos_X_HILICPos",NA,NA,NA,NA,NA,NA,NA,NA,NA,NA,NA,NA,NA,NA
"174","I206.1389R6.76_HILICPos_X_HILICPos",NA,NA,NA,NA,NA,NA,NA,NA,NA,NA,NA,NA,NA,NA
"175","Dexpanthenol_X_HILICPos",NA,NA,NA,NA,NA,NA,NA,NA,NA,NA,NA,NA,NA,NA
"176","I207.0686R8.88_HILICPos_X_HILICPos",NA,NA,NA,NA,NA,NA,NA,NA,NA,NA,NA,NA,NA,NA
"177","I207.1704R6.56_HILICPos_X_HILICPos",NA,NA,NA,NA,NA,NA,NA,NA,NA,NA,NA,NA,NA,NA
"178","I209.0478R11.07_HILICPos_X_HILICPos",NA,NA,NA,NA,NA,NA,NA,NA,NA,NA,NA,NA,NA,NA
"179","I209.0843R7.18_HILICPos_X_HILICPos",NA,NA,NA,NA,NA,NA,NA,NA,NA,NA,NA,NA,NA,NA
"180","I209.0844R8.07_HILICPos_X_HILICPos",NA,NA,NA,NA,NA,NA,NA,NA,NA,NA,NA,NA,NA,NA
"181","I211.0565R12.12_HILICPos_X_HILICPos",NA,NA,NA,NA,NA,NA,NA,NA,NA,NA,NA,NA,NA,NA
"182","Propionyl-L-carnitine_X_HILICPos",NA,NA,NA,NA,NA,NA,NA,NA,NA,NA,NA,NA,NA,NA
"183","I219.1703R6.51_HILICPos_X_HILICPos",NA,NA,NA,NA,NA,NA,NA,NA,NA,NA,NA,NA,NA,NA
"184","I221.0843R5.26_HILICPos_X_HILICPos",NA,NA,NA,NA,NA,NA,NA,NA,NA,NA,NA,NA,NA,NA
"185","I221.0843R5.58_HILICPos_X_HILICPos",NA,NA,NA,NA,NA,NA,NA,NA,NA,NA,NA,NA,NA,NA
"186","I221.0843R8.12_HILICPos_X_HILICPos",NA,NA,NA,NA,NA,NA,NA,NA,NA,NA,NA,NA,NA,NA
"187","Cystathionine_X_HILICPos",NA,NA,NA,NA,NA,NA,NA,NA,NA,NA,NA,NA,NA,NA
"188","I227.1754R2.2_HILICPos_X_HILICPos",NA,NA,NA,NA,NA,NA,NA,NA,NA,NA,NA,NA,NA,NA
"189","I228.0979R6.34_HILICPos_X_HILICPos",NA,NA,NA,NA,NA,NA,NA,NA,NA,NA,NA,NA,NA,NA
"190","I232.118R6.16_HILICPos_X_HILICPos",NA,NA,NA,NA,NA,NA,NA,NA,NA,NA,NA,NA,NA,NA
"191","Butyryl-L-carnitine_X_HILICPos",NA,NA,NA,NA,NA,NA,NA,NA,NA,NA,NA,NA,NA,NA
"192","I235.1653R7.18_HILICPos_X_HILICPos",NA,NA,NA,NA,NA,NA,NA,NA,NA,NA,NA,NA,NA,NA
"193","I236.1492R9.91_HILICPos_X_HILICPos",NA,NA,NA,NA,NA,NA,NA,NA,NA,NA,NA,NA,NA,NA
"194","I236.1493R8.23_HILICPos_X_HILICPos",NA,NA,NA,NA,NA,NA,NA,NA,NA,NA,NA,NA,NA,NA
"195","I238.0524R11.67_HILICPos_X_HILICPos",NA,NA,NA,NA,NA,NA,NA,NA,NA,NA,NA,NA,NA,NA
"196","I244.0929R7.89_HILICPos_X_HILICPos",NA,NA,NA,NA,NA,NA,NA,NA,NA,NA,NA,NA,NA,NA
"197","I249.1347R5.35_HILICPos_X_HILICPos",NA,NA,NA,NA,NA,NA,NA,NA,NA,NA,NA,NA,NA,NA
"198","I252.083R12.11_HILICPos_X_HILICPos",NA,NA,NA,NA,NA,NA,NA,NA,NA,NA,NA,NA,NA,NA
"199","I252.1092R3.46_HILICPos_X_HILICPos",NA,NA,NA,NA,NA,NA,NA,NA,NA,NA,NA,NA,NA,NA
"200","I252.1441R10.53_HILICPos_X_HILICPos",NA,NA,NA,NA,NA,NA,NA,NA,NA,NA,NA,NA,NA,NA
"201","Glucosylglycerol_X_HILICPos",NA,NA,NA,NA,NA,NA,NA,NA,NA,NA,NA,NA,NA,NA
"202","Glycerophosphocholine_X_HILICPos",NA,NA,NA,NA,NA,NA,NA,NA,NA,NA,NA,NA,NA,NA
"203","Adenosine_X_HILICPos",NA,NA,NA,NA,NA,NA,NA,NA,NA,NA,NA,NA,NA,NA
"204","I271.1288R9.7_HILICPos_X_HILICPos",NA,NA,NA,NA,NA,NA,NA,NA,NA,NA,NA,NA,NA,NA
"205","I284.0991R8.89_HILICPos_X_HILICPos",NA,NA,NA,NA,NA,NA,NA,NA,NA,NA,NA,NA,NA,NA
"206","I285.1445R8.18_HILICPos_X_HILICPos",NA,NA,NA,NA,NA,NA,NA,NA,NA,NA,NA,NA,NA,NA
"207","I285.1445R6.57_HILICPos_X_HILICPos",NA,NA,NA,NA,NA,NA,NA,NA,NA,NA,NA,NA,NA,NA
"208","I288.1918R7.18_HILICPos_X_HILICPos",NA,NA,NA,NA,NA,NA,NA,NA,NA,NA,NA,NA,NA,NA
"209","I289.1393R10.28_HILICPos_X_HILICPos",NA,NA,NA,NA,NA,NA,NA,NA,NA,NA,NA,NA,NA,NA
"210","I291.0698R7.5_HILICPos_X_HILICPos",NA,NA,NA,NA,NA,NA,NA,NA,NA,NA,NA,NA,NA,NA
"211","Argininosuccinic Acid_X_HILICPos",NA,NA,NA,NA,NA,NA,NA,NA,NA,NA,NA,NA,NA,NA
"212","I292.0629R12.12_HILICPos_X_HILICPos",NA,NA,NA,NA,NA,NA,NA,NA,NA,NA,NA,NA,NA,NA
"213","I297.0846R5.35_HILICPos_X_HILICPos",NA,NA,NA,NA,NA,NA,NA,NA,NA,NA,NA,NA,NA,NA
"214","I303.1551R9.17_HILICPos_X_HILICPos",NA,NA,NA,NA,NA,NA,NA,NA,NA,NA,NA,NA,NA,NA
"215","I308.1605R5.35_HILICPos_X_HILICPos",NA,NA,NA,NA,NA,NA,NA,NA,NA,NA,NA,NA,NA,NA
"216","I326.0563R6.58_HILICPos_X_HILICPos",NA,NA,NA,NA,NA,NA,NA,NA,NA,NA,NA,NA,NA,NA
"217","I329.1742R7.17_HILICPos_X_HILICPos",NA,NA,NA,NA,NA,NA,NA,NA,NA,NA,NA,NA,NA,NA
"218","I333.1293R11.28_HILICPos_X_HILICPos",NA,NA,NA,NA,NA,NA,NA,NA,NA,NA,NA,NA,NA,NA
"219","Adenosyl Homocysteine_X_HILICPos",NA,NA,NA,NA,NA,NA,NA,NA,NA,NA,NA,NA,NA,NA
"220","Adenosyl Methionine_X_HILICPos",NA,NA,NA,NA,NA,NA,NA,NA,NA,NA,NA,NA,NA,NA
"221","I416.1778R9.11_HILICPos_X_HILICPos",NA,NA,NA,NA,NA,NA,NA,NA,NA,NA,NA,NA,NA,NA
"222","I455.1888R6.34_HILICPos_X_HILICPos",NA,NA,NA,NA,NA,NA,NA,NA,NA,NA,NA,NA,NA,NA
"223","I479.1923R4.35_HILICPos_X_HILICPos",NA,NA,NA,NA,NA,NA,NA,NA,NA,NA,NA,NA,NA,NA
"224","I130.1592R4.02_CyanoAq_X_RP",NA,NA,NA,NA,NA,NA,NA,NA,NA,NA,NA,NA,NA,NA
"225","Agmatine_X_RP",NA,NA,NA,NA,NA,NA,NA,NA,NA,NA,NA,NA,NA,NA
"226","I137.0459R1.05_CyanoAq_X_RP",NA,NA,NA,NA,NA,NA,NA,NA,NA,NA,NA,NA,NA,NA
"227","Allopurinol_X_RP",NA,NA,NA,NA,NA,NA,NA,NA,NA,NA,NA,NA,NA,NA
"228","Sulfurol_X_RP",NA,NA,NA,NA,NA,NA,NA,NA,NA,NA,NA,NA,NA,NA
"229","I146.0601R1.92_CyanoAq_X_RP",NA,NA,NA,NA,NA,NA,NA,NA,NA,NA,NA,NA,NA,NA
"230","I152.0568R1.08_CyanoAq_X_RP",NA,NA,NA,NA,NA,NA,NA,NA,NA,NA,NA,NA,NA,NA
"231","I152.1282R1.07_CyanoAq_X_RP",NA,NA,NA,NA,NA,NA,NA,NA,NA,NA,NA,NA,NA,NA
"232","I162.0776R1.13_CyanoAq_X_RP",NA,NA,NA,NA,NA,NA,NA,NA,NA,NA,NA,NA,NA,NA
"233","I166.0864R1.12_CyanoAq_X_RP",NA,NA,NA,NA,NA,NA,NA,NA,NA,NA,NA,NA,NA,NA
"234","I168.0517R1.05_CyanoAq_X_RP",NA,NA,NA,NA,NA,NA,NA,NA,NA,NA,NA,NA,NA,NA
"235","I175.0789R1_CyanoAq_X_RP",NA,NA,NA,NA,NA,NA,NA,NA,NA,NA,NA,NA,NA,NA
"236","I182.0674R1.17_CyanoAq_X_RP",NA,NA,NA,NA,NA,NA,NA,NA,NA,NA,NA,NA,NA,NA
"237","I190.1439R0.83_CyanoAq_X_RP",NA,NA,NA,NA,NA,NA,NA,NA,NA,NA,NA,NA,NA,NA
"238","I196.0831R1.52_CyanoAq_X_RP",NA,NA,NA,NA,NA,NA,NA,NA,NA,NA,NA,NA,NA,NA
"239","I203.1392R1.16_CyanoAq_X_RP",NA,NA,NA,NA,NA,NA,NA,NA,NA,NA,NA,NA,NA,NA
"240","I204.1596R0.89_CyanoAq_X_RP",NA,NA,NA,NA,NA,NA,NA,NA,NA,NA,NA,NA,NA,NA
"241","Tryptophan_X_RP",NA,NA,NA,NA,NA,NA,NA,NA,NA,NA,NA,NA,NA,NA
"242","I206.0675R2.59_CyanoAq_X_RP",NA,NA,NA,NA,NA,NA,NA,NA,NA,NA,NA,NA,NA,NA
"243","Kynurenine_X_RP",NA,NA,NA,NA,NA,NA,NA,NA,NA,NA,NA,NA,NA,NA
"244","Vitamin B5_X_RP",NA,NA,NA,NA,NA,NA,NA,NA,NA,NA,NA,NA,NA,NA
"245","I221.0844R0.89_CyanoAq_X_RP",NA,NA,NA,NA,NA,NA,NA,NA,NA,NA,NA,NA,NA,NA
"246","I229.1549R0.89_CyanoAq_X_RP",NA,NA,NA,NA,NA,NA,NA,NA,NA,NA,NA,NA,NA,NA
"247","I237.1235R1.65_CyanoAq_X_RP",NA,NA,NA,NA,NA,NA,NA,NA,NA,NA,NA,NA,NA,NA
"248","I240.1092R0.94_CyanoAq_X_RP",NA,NA,NA,NA,NA,NA,NA,NA,NA,NA,NA,NA,NA,NA
"249","I241.0297R0.89_CyanoAq_X_RP",NA,NA,NA,NA,NA,NA,NA,NA,NA,NA,NA,NA,NA,NA
"250","I245.1588R2.3_CyanoAq_X_RP",NA,NA,NA,NA,NA,NA,NA,NA,NA,NA,NA,NA,NA,NA
"251","I245.1861R2.33_CyanoAq_X_RP",NA,NA,NA,NA,NA,NA,NA,NA,NA,NA,NA,NA,NA,NA
"252","I245.1862R2.58_CyanoAq_X_RP",NA,NA,NA,NA,NA,NA,NA,NA,NA,NA,NA,NA,NA,NA
"253","I248.9764R0.9_CyanoAq_X_RP",NA,NA,NA,NA,NA,NA,NA,NA,NA,NA,NA,NA,NA,NA
"254","I260.1131R1.01_CyanoAq_X_RP",NA,NA,NA,NA,NA,NA,NA,NA,NA,NA,NA,NA,NA,NA
"255","I261.1311R1.29_CyanoAq_X_RP",NA,NA,NA,NA,NA,NA,NA,NA,NA,NA,NA,NA,NA,NA
"256","I263.1426R2.13_CyanoAq_X_RP",NA,NA,NA,NA,NA,NA,NA,NA,NA,NA,NA,NA,NA,NA
"257","I268.1042R1.29_CyanoAq_X_RP",NA,NA,NA,NA,NA,NA,NA,NA,NA,NA,NA,NA,NA,NA
"258","I269.0882R1.02_CyanoAq_X_RP",NA,NA,NA,NA,NA,NA,NA,NA,NA,NA,NA,NA,NA,NA
"259","I271.1291R0.87_CyanoAq_X_RP",NA,NA,NA,NA,NA,NA,NA,NA,NA,NA,NA,NA,NA,NA
"260","I279.1706R4.12_CyanoAq_X_RP",NA,NA,NA,NA,NA,NA,NA,NA,NA,NA,NA,NA,NA,NA
"261","I283.0872R1.5_CyanoAq_X_RP",NA,NA,NA,NA,NA,NA,NA,NA,NA,NA,NA,NA,NA,NA
"262","I285.1447R0.91_CyanoAq_X_RP",NA,NA,NA,NA,NA,NA,NA,NA,NA,NA,NA,NA,NA,NA
"263","I285.1447R1.14_CyanoAq_X_RP",NA,NA,NA,NA,NA,NA,NA,NA,NA,NA,NA,NA,NA,NA
"264","I285.6464R1_CyanoAq_X_RP",NA,NA,NA,NA,NA,NA,NA,NA,NA,NA,NA,NA,NA,NA
"265","I288.2032R0.91_CyanoAq_X_RP",NA,NA,NA,NA,NA,NA,NA,NA,NA,NA,NA,NA,NA,NA
"266","I293.2112R9.77_CyanoAq_X_RP",NA,NA,NA,NA,NA,NA,NA,NA,NA,NA,NA,NA,NA,NA
"267","I293.2113R9.66_CyanoAq_X_RP",NA,NA,NA,NA,NA,NA,NA,NA,NA,NA,NA,NA,NA,NA
"268","I294.1814R1.08_CyanoAq_X_RP",NA,NA,NA,NA,NA,NA,NA,NA,NA,NA,NA,NA,NA,NA
"269","I295.1291R1.78_CyanoAq_X_RP",NA,NA,NA,NA,NA,NA,NA,NA,NA,NA,NA,NA,NA,NA
"270","I295.1654R2.4_CyanoAq_X_RP",NA,NA,NA,NA,NA,NA,NA,NA,NA,NA,NA,NA,NA,NA
"271","I295.1655R2.58_CyanoAq_X_RP",NA,NA,NA,NA,NA,NA,NA,NA,NA,NA,NA,NA,NA,NA
"272","I295.1655R2.81_CyanoAq_X_RP",NA,NA,NA,NA,NA,NA,NA,NA,NA,NA,NA,NA,NA,NA
"273","I296.6058R1.22_CyanoAq_X_RP",NA,NA,NA,NA,NA,NA,NA,NA,NA,NA,NA,NA,NA,NA
"274","I297.1885R5.9_CyanoAq_X_RP",NA,NA,NA,NA,NA,NA,NA,NA,NA,NA,NA,NA,NA,NA
"275","I298.0971R2.1_CyanoAq_X_RP",NA,NA,NA,NA,NA,NA,NA,NA,NA,NA,NA,NA,NA,NA
"276","I299.1967R2.47_CyanoAq_X_RP",NA,NA,NA,NA,NA,NA,NA,NA,NA,NA,NA,NA,NA,NA
"277","I303.1553R0.89_CyanoAq_X_RP",NA,NA,NA,NA,NA,NA,NA,NA,NA,NA,NA,NA,NA,NA
"278","I305.1573R1.6_CyanoAq_X_RP",NA,NA,NA,NA,NA,NA,NA,NA,NA,NA,NA,NA,NA,NA
"279","I306.4913R3.77_CyanoAq_X_RP",NA,NA,NA,NA,NA,NA,NA,NA,NA,NA,NA,NA,NA,NA
"280","I310.14R1.31_CyanoAq_X_RP",NA,NA,NA,NA,NA,NA,NA,NA,NA,NA,NA,NA,NA,NA
"281","I311.1239R1.4_CyanoAq_X_RP",NA,NA,NA,NA,NA,NA,NA,NA,NA,NA,NA,NA,NA,NA
"282","I313.1548R4.98_CyanoAq_X_RP",NA,NA,NA,NA,NA,NA,NA,NA,NA,NA,NA,NA,NA,NA
"283","I321.2427R9.33_CyanoAq_X_RP",NA,NA,NA,NA,NA,NA,NA,NA,NA,NA,NA,NA,NA,NA
"284","I322.1877R1.19_CyanoAq_X_RP",NA,NA,NA,NA,NA,NA,NA,NA,NA,NA,NA,NA,NA,NA
"285","I325.1761R2.97_CyanoAq_X_RP",NA,NA,NA,NA,NA,NA,NA,NA,NA,NA,NA,NA,NA,NA
"286","I329.1346R2.89_CyanoAq_X_RP",NA,NA,NA,NA,NA,NA,NA,NA,NA,NA,NA,NA,NA,NA
"287","I329.1347R0.88_CyanoAq_X_RP",NA,NA,NA,NA,NA,NA,NA,NA,NA,NA,NA,NA,NA,NA
"288","I329.2073R2.82_CyanoAq_X_RP",NA,NA,NA,NA,NA,NA,NA,NA,NA,NA,NA,NA,NA,NA
"289","I340.2597R6.93_CyanoAq_X_RP",NA,NA,NA,NA,NA,NA,NA,NA,NA,NA,NA,NA,NA,NA
"290","I345.0462R0.88_CyanoAq_X_RP",NA,NA,NA,NA,NA,NA,NA,NA,NA,NA,NA,NA,NA,NA
"291","I345.6642R3.9_CyanoAq_X_RP",NA,NA,NA,NA,NA,NA,NA,NA,NA,NA,NA,NA,NA,NA
"292","I346.1457R4.95_CyanoAq_X_RP",NA,NA,NA,NA,NA,NA,NA,NA,NA,NA,NA,NA,NA,NA
"293","I347.1452R0.87_CyanoAq_X_RP",NA,NA,NA,NA,NA,NA,NA,NA,NA,NA,NA,NA,NA,NA
"294","I370.6952R2.68_CyanoAq_X_RP",NA,NA,NA,NA,NA,NA,NA,NA,NA,NA,NA,NA,NA,NA
"295","I375.2136R4.1_CyanoAq_X_RP",NA,NA,NA,NA,NA,NA,NA,NA,NA,NA,NA,NA,NA,NA
"296","I377.1459R4.24_CyanoAq_X_RP",NA,NA,NA,NA,NA,NA,NA,NA,NA,NA,NA,NA,NA,NA
"297","I381.1828R4.47_CyanoAq_X_RP",NA,NA,NA,NA,NA,NA,NA,NA,NA,NA,NA,NA,NA,NA
"298","I404.7398R5.8_CyanoAq_X_RP",NA,NA,NA,NA,NA,NA,NA,NA,NA,NA,NA,NA,NA,NA
"299","I414.1624R0.94_CyanoAq_X_RP",NA,NA,NA,NA,NA,NA,NA,NA,NA,NA,NA,NA,NA,NA
"300","I416.178R0.93_CyanoAq_X_RP",NA,NA,NA,NA,NA,NA,NA,NA,NA,NA,NA,NA,NA,NA
"301","I419.6799R6.47_CyanoAq_X_RP",NA,NA,NA,NA,NA,NA,NA,NA,NA,NA,NA,NA,NA,NA
"302","I424.2081R2.64_CyanoAq_X_RP",NA,NA,NA,NA,NA,NA,NA,NA,NA,NA,NA,NA,NA,NA
"303","I459.2336R3.77_CyanoAq_X_RP",NA,NA,NA,NA,NA,NA,NA,NA,NA,NA,NA,NA,NA,NA
"304","I470.2256R5.55_CyanoAq_X_RP",NA,NA,NA,NA,NA,NA,NA,NA,NA,NA,NA,NA,NA,NA
"305","I511.2407R3.6_CyanoAq_X_RP",NA,NA,NA,NA,NA,NA,NA,NA,NA,NA,NA,NA,NA,NA
"306","I548.2723R4.91_CyanoAq_X_RP",NA,NA,NA,NA,NA,NA,NA,NA,NA,NA,NA,NA,NA,NA
"307","I575.1679R5.3_CyanoAq_X_RP",NA,NA,NA,NA,NA,NA,NA,NA,NA,NA,NA,NA,NA,NA
"308","I577.1657R5.3_CyanoAq_X_RP",NA,NA,NA,NA,NA,NA,NA,NA,NA,NA,NA,NA,NA,NA
"309","I589.2805R5.44_CyanoAq_X_RP",NA,NA,NA,NA,NA,NA,NA,NA,NA,NA,NA,NA,NA,NA
"310","I605.3175R6.37_CyanoAq_X_RP",NA,NA,NA,NA,NA,NA,NA,NA,NA,NA,NA,NA,NA,NA
"311","Glutathione Disulfide_X_RP",NA,NA,NA,NA,NA,NA,NA,NA,NA,NA,NA,NA,NA,NA
"312","I801.3309R6.22_CyanoAq_X_RP",NA,NA,NA,NA,NA,NA,NA,NA,NA,NA,NA,NA,NA,NA
"313","I802.3342R6.22_CyanoAq_X_RP",NA,NA,NA,NA,NA,NA,NA,NA,NA,NA,NA,NA,NA,NA
"142416","L-Pyroglutamic acid_X_HILICNeg","5-OXO-D-PROLINE ID:CCMSLIB00000578175",4.28386764427994,0.886700096279138,"CCMSLIB00000578175","5-OXO-D-PROLINE","128.03415, 100; 129.03761, 3.1; 82.0285, 1.4; 84.04405, 0.9",128.035316484,128.034768,"128.03429, 100; 129.04133, 19.5; 86.02365, 11.4; 129.03276, 10.4; 85.03962, 9.4; 126.99718, 7.9; 58.02862, 5.9; 128.01187, 4.4; 127.89628, 4; 129.09109, 3.4; 82.02858, 3.1; 87.05527, 2.9; 95.9831, 2.5; 127.05025, 2.1; 57.03331, 2.1; 128.99275, 2; 126.98602, 1.6; 79.95618, 1.6; 102.02127, 1.2; 129.05415, 1.1; 128.97388, 1.1; 64.01803, 0.6; 81.95196, 0.6","128.03415, 100; 129.03761, 3.1; 82.0285, 1.4; 84.04405, 0.9","128.03429, 100; 129.04133, 19.5; 86.02365, 11.4; 129.03276, 10.4; 85.03962, 9.4; 126.99718, 7.9; 58.02862, 5.9; 128.01187, 4.4; 127.89628, 4; 129.09109, 3.4; 82.02858, 3.1; 87.05527, 2.9; 95.9831, 2.5; 127.05025, 2.1; 57.03331, 2.1; 128.99275, 2; 126.98602, 1.6; 79.95618, 1.6; 102.02127, 1.2; 129.05415, 1.1; 128.97388, 1.1; 64.01803, 0.6; 81.95196, 0.6",128.035316484,128.034768,0.886700096279138
"142417","L-Pyroglutamic acid_X_HILICNeg","5-OXO-L-PROLINE ID:CCMSLIB00000578183",4.28386764427994,0.883223464270566,"CCMSLIB00000578183","5-OXO-L-PROLINE","128.03415, 100; 129.03752, 2.9; 82.02836, 1.6; 70.95747, 1.5; 84.04406, 0.7",128.035316484,128.034768,"128.03429, 100; 129.04133, 19.5; 86.02365, 11.4; 129.03276, 10.4; 85.03962, 9.4; 126.99718, 7.9; 58.02862, 5.9; 128.01187, 4.4; 127.89628, 4; 129.09109, 3.4; 82.02858, 3.1; 87.05527, 2.9; 95.9831, 2.5; 127.05025, 2.1; 57.03331, 2.1; 128.99275, 2; 126.98602, 1.6; 79.95618, 1.6; 102.02127, 1.2; 129.05415, 1.1; 128.97388, 1.1; 64.01803, 0.6; 81.95196, 0.6","128.03415, 100; 129.03752, 2.9; 82.02836, 1.6; 70.95747, 1.5; 84.04406, 0.7","128.03429, 100; 129.04133, 19.5; 86.02365, 11.4; 129.03276, 10.4; 85.03962, 9.4; 126.99718, 7.9; 58.02862, 5.9; 128.01187, 4.4; 127.89628, 4; 129.09109, 3.4; 82.02858, 3.1; 87.05527, 2.9; 95.9831, 2.5; 127.05025, 2.1; 57.03331, 2.1; 128.99275, 2; 126.98602, 1.6; 79.95618, 1.6; 102.02127, 1.2; 129.05415, 1.1; 128.97388, 1.1; 64.01803, 0.6; 81.95196, 0.6",128.035316484,128.034768,0.883223464270566
"142418","L-Pyroglutamic acid_X_HILICNeg","L-Pyroglutamic acid; pGlu; pyroGlu; Pyroglutamate; Pidolic acid; L-Glutimic acid; L-5-Oxoproline; (S)-(?)-2-Pyrrolidone-5-carboxylic acid; (S)-5-Oxo-2-pyrrolidinecarboxylic acid; L-a-Aminoglutaric Acid Lactam; L-5-Oxo-2-pyrrolidinecarboxylic acid ID:PR100586",4.28386764427994,0.777125336819835,"PR100586","L-Pyroglutamic acid; pGlu; pyroGlu; Pyroglutamate; Pidolic acid; L-Glutimic acid; L-5-Oxoproline; (S)-(?)-2-Pyrrolidone-5-carboxylic acid; (S)-5-Oxo-2-pyrrolidinecarboxylic acid; L-a-Aminoglutaric Acid Lactam; L-5-Oxo-2-pyrrolidinecarboxylic acid","128.0348, 100",128.035316484,128.034768,"128.03429, 100; 129.04133, 19.5; 86.02365, 11.4; 129.03276, 10.4; 85.03962, 9.4; 126.99718, 7.9; 58.02862, 5.9; 128.01187, 4.4; 127.89628, 4; 129.09109, 3.4; 82.02858, 3.1; 87.05527, 2.9; 95.9831, 2.5; 127.05025, 2.1; 57.03331, 2.1; 128.99275, 2; 126.98602, 1.6; 79.95618, 1.6; 102.02127, 1.2; 129.05415, 1.1; 128.97388, 1.1; 64.01803, 0.6; 81.95196, 0.6","128.0348, 100","128.03429, 100; 129.04133, 19.5; 86.02365, 11.4; 129.03276, 10.4; 85.03962, 9.4; 126.99718, 7.9; 58.02862, 5.9; 128.01187, 4.4; 127.89628, 4; 129.09109, 3.4; 82.02858, 3.1; 87.05527, 2.9; 95.9831, 2.5; 127.05025, 2.1; 57.03331, 2.1; 128.99275, 2; 126.98602, 1.6; 79.95618, 1.6; 102.02127, 1.2; 129.05415, 1.1; 128.97388, 1.1; 64.01803, 0.6; 81.95196, 0.6",128.035316484,128.034768,0.777125336819835
"214409","Cytosine_X_HILICPos","Creatinine; 1-Methylglycocyamidine ID:KO000422",4.89280394041036,0.506658210517728,"KO000422","Creatinine; 1-Methylglycocyamidine","112.1, 100; 67.9, 6.5; 40.9, 3; 110.1, 1.2; 79.1, 0.6",112.051635244,112.051087,"95.06087, 100; 112.08727, 7.4; 111.09204, 7.1; 70.06583, 4.5; 113.10764, 4.4; 96.08127, 3.6; 96.0612, 3.5; 113.07129, 3.3; 112.05088, 2.5; 112.07826, 1.9; 111.0557, 1.9; 112.0951, 1.5; 112.06102, 1; 111.07088, 1; 112.11237, 0.8; 68.05017, 0.7; 59.06118, 0.6; 83.06093, 0.6","112.1, 100; 67.9, 6.5; 40.9, 3; 110.1, 1.2; 79.1, 0.6","95.06087, 100; 112.08727, 7.4; 111.09204, 7.1; 70.06583, 4.5; 113.10764, 4.4; 96.08127, 3.6; 96.0612, 3.5; 113.07129, 3.3; 112.05088, 2.5; 112.07826, 1.9; 111.0557, 1.9; 112.0951, 1.5; 112.06102, 1; 111.07088, 1; 112.11237, 0.8; 68.05017, 0.7; 59.06118, 0.6; 83.06093, 0.6",112.051635244,112.051087,0.506658210517728
"236633","I167.0204R10.56_HILICNeg_X_HILICNeg","URATE ID:CCMSLIB00000578100",4.20061358050722,1.3189338051605,"CCMSLIB00000578100","URATE","167.0202, 100; 83.01234, 60.4; 124.01397, 37.8; 123.04394, 13.8; 96.01898, 5.5; 167.03345, 5.5; 166.01227, 3.5; 142.02512, 2.9; 168.02385, 2.8; 167.06985, 2.6; 151.00566, 2.2; 123.00639, 2.2; 97.00305, 1.7; 153.00592, 1.7; 84.01574, 1.6; 166.05016, 1.5; 167.87712, 1.4; 69.00783, 0.9; 123.08025, 0.9; 167.10664, 0.9; 150.00886, 0.8; 123.02988, 0.6; 68.99419, 0.6; 81.0332, 0.6; 122.96384, 0.5; 66.99246, 0.5",167.021063388,167.0203618,"167.0204, 100; 124.01421, 63.5; 80.96403, 51.2; 167.01251, 33.6; 166.05367, 32.1; 166.83263, 24.9; 132.8669, 18.9; 79.9562, 18.1; 167.03484, 11.6; 140.02451, 10.6; 82.03986, 8.9; 96.01935, 7.3; 124.05054, 7; 167.05742, 5.7; 167.83582, 4.8; 141.01987, 4; 65.01331, 3.9; 168.03094, 3.6; 130.04005, 3.6; 97.0396, 3.3; 142.02507, 2.7; 81.04468, 2.6; 69.00832, 2.4; 166.06116, 2.2; 168.02032, 1.9; 90.00868, 1.6; 83.02393, 1.5; 89.01325, 1.5; 125.03474, 1.5; 97.00328, 1.5; 109.03954, 1.4; 168.05621, 1.2; 125.0459, 1.2; 58.02859, 1.2; 67.02898, 1.1; 98.03495, 1.1; 123.05539, 1.1; 168.04927, 1.1; 125.01761, 1.1; 96.05571, 1.1; 95.02402, 1; 83.04314, 1; 82.02874, 0.9; 166.04106, 0.9; 85.03949, 0.9; 131.03532, 0.9; 98.02378, 0.9; 66.00849, 0.8; 140.04544, 0.7; 165.78871, 0.7; 51.34023, 0.7; 103.48238, 0.7; 127.23262, 0.7; 121.10336, 0.7; 76.67471, 0.7; 60.94928, 0.6; 71.86556, 0.6; 110.55998, 0.6; 118.14156, 0.6; 92.71497, 0.6; 72.87327, 0.6; 59.236, 0.6; 86.9158, 0.6","167.0202, 100; 83.01234, 60.4; 124.01397, 37.8; 123.04394, 13.8; 96.01898, 5.5; 167.03345, 5.5; 166.01227, 3.5; 142.02512, 2.9; 168.02385, 2.8; 167.06985, 2.6; 151.00566, 2.2; 123.00639, 2.2; 97.00305, 1.7; 153.00592, 1.7; 84.01574, 1.6; 166.05016, 1.5; 167.87712, 1.4; 69.00783, 0.9; 123.08025, 0.9; 167.10664, 0.9; 150.00886, 0.8; 123.02988, 0.6; 68.99419, 0.6; 81.0332, 0.6; 122.96384, 0.5; 66.99246, 0.5","167.0204, 100; 124.01421, 63.5; 80.96403, 51.2; 167.01251, 33.6; 166.05367, 32.1; 166.83263, 24.9; 132.8669, 18.9; 79.9562, 18.1; 167.03484, 11.6; 140.02451, 10.6; 82.03986, 8.9; 96.01935, 7.3; 124.05054, 7; 167.05742, 5.7; 167.83582, 4.8; 141.01987, 4; 65.01331, 3.9; 168.03094, 3.6; 130.04005, 3.6; 97.0396, 3.3; 142.02507, 2.7; 81.04468, 2.6; 69.00832, 2.4; 166.06116, 2.2; 168.02032, 1.9; 90.00868, 1.6; 83.02393, 1.5; 89.01325, 1.5; 125.03474, 1.5; 97.00328, 1.5; 109.03954, 1.4; 168.05621, 1.2; 125.0459, 1.2; 58.02859, 1.2; 67.02898, 1.1; 98.03495, 1.1; 123.05539, 1.1; 168.04927, 1.1; 125.01761, 1.1; 96.05571, 1.1; 95.02402, 1; 83.04314, 1; 82.02874, 0.9; 166.04106, 0.9; 85.03949, 0.9; 131.03532, 0.9; 98.02378, 0.9; 66.00849, 0.8; 140.04544, 0.7; 165.78871, 0.7; 51.34023, 0.7; 103.48238, 0.7; 127.23262, 0.7; 121.10336, 0.7; 76.67471, 0.7; 60.94928, 0.6; 71.86556, 0.6; 110.55998, 0.6; 118.14156, 0.6; 92.71497, 0.6; 72.87327, 0.6; 59.236, 0.6; 86.9158, 0.6",167.021063388,167.0203618,1.3189338051605
"238825","Inosine_X_HILICNeg","Inosine; INO; (?)-Inosine; beta-Inosine; Hypoxanthine 9-beta-D-ribofuranoside; 9-beta-D-ribofuranosylhypoxanthine; Hypoxanthine ribonucleoside; Oxiamin; Ribonosine; Trophicardyl ID:PR100571",2.04769523888575,0.689392059847574,"PR100571","Inosine; INO; (?)-Inosine; beta-Inosine; Hypoxanthine 9-beta-D-ribofuranoside; 9-beta-D-ribofuranosylhypoxanthine; Hypoxanthine ribonucleoside; Oxiamin; Ribonosine; Trophicardyl","135.031, 100; 267.073, 38.7; 108.0207, 16; 92.0259, 11.3",267.073492884,267.072946,"135.03029, 100; 150.04128, 14.4; 106.03996, 10.1; 166.05366, 10; 267.07413, 8.3; 65.01334, 7.2; 157.05127, 4.5; 82.03997, 4.5; 171.06717, 4; 130.04025, 3.4; 66.0086, 3; 132.05582, 2.4; 120.05562, 2.3; 151.04143, 2.3; 147.06674, 2.1; 121.05107, 2; 197.08311, 1.9; 107.03521, 1.9; 156.05611, 1.7; 136.0337, 1.6; 198.07791, 1.5; 240.08897, 1.5; 133.05099, 1.4; 81.04461, 1.4; 105.0448, 1.4; 144.04325, 1.4; 220.19688, 1.3; 176.05737, 1.3; 92.02427, 1.2; 145.0513, 1.1; 219.8692, 1.1; 159.06667, 1.1; 213.07795, 1.1; 220.5038, 1; 118.04011, 1; 266.08939, 0.9; 219.85603, 0.7; 65.99738, 0.7; 142.03999, 0.7; 225.08999, 0.7; 91.02903, 0.7; 116.0243, 0.7; 122.0349, 0.7; 185.08287, 0.6; 220.51625, 0.6; 131.03557, 0.6; 143.03564, 0.6","135.031, 100; 267.073, 38.7; 108.0207, 16; 92.0259, 11.3","135.03029, 100; 150.04128, 14.4; 106.03996, 10.1; 166.05366, 10; 267.07413, 8.3; 65.01334, 7.2; 157.05127, 4.5; 82.03997, 4.5; 171.06717, 4; 130.04025, 3.4; 66.0086, 3; 132.05582, 2.4; 120.05562, 2.3; 151.04143, 2.3; 147.06674, 2.1; 121.05107, 2; 197.08311, 1.9; 107.03521, 1.9; 156.05611, 1.7; 136.0337, 1.6; 198.07791, 1.5; 240.08897, 1.5; 133.05099, 1.4; 81.04461, 1.4; 105.0448, 1.4; 144.04325, 1.4; 220.19688, 1.3; 176.05737, 1.3; 92.02427, 1.2; 145.0513, 1.1; 219.8692, 1.1; 159.06667, 1.1; 213.07795, 1.1; 220.5038, 1; 118.04011, 1; 266.08939, 0.9; 219.85603, 0.7; 65.99738, 0.7; 142.03999, 0.7; 225.08999, 0.7; 91.02903, 0.7; 116.0243, 0.7; 122.0349, 0.7; 185.08287, 0.6; 220.51625, 0.6; 131.03557, 0.6; 143.03564, 0.6",267.073492884,267.072946,0.689392059847574
"238826","Inosine_X_HILICNeg","INOSINE ID:CCMSLIB00000578104",2.04769523888575,0.640761618797215,"CCMSLIB00000578104","INOSINE","135.03006, 100; 267.07385, 91.9; 268.07684, 5.1; 136.03422, 2.2; 177.04129, 0.5",267.073492884,267.072946,"135.03029, 100; 150.04128, 14.4; 106.03996, 10.1; 166.05366, 10; 267.07413, 8.3; 65.01334, 7.2; 157.05127, 4.5; 82.03997, 4.5; 171.06717, 4; 130.04025, 3.4; 66.0086, 3; 132.05582, 2.4; 120.05562, 2.3; 151.04143, 2.3; 147.06674, 2.1; 121.05107, 2; 197.08311, 1.9; 107.03521, 1.9; 156.05611, 1.7; 136.0337, 1.6; 198.07791, 1.5; 240.08897, 1.5; 133.05099, 1.4; 81.04461, 1.4; 105.0448, 1.4; 144.04325, 1.4; 220.19688, 1.3; 176.05737, 1.3; 92.02427, 1.2; 145.0513, 1.1; 219.8692, 1.1; 159.06667, 1.1; 213.07795, 1.1; 220.5038, 1; 118.04011, 1; 266.08939, 0.9; 219.85603, 0.7; 65.99738, 0.7; 142.03999, 0.7; 225.08999, 0.7; 91.02903, 0.7; 116.0243, 0.7; 122.0349, 0.7; 185.08287, 0.6; 220.51625, 0.6; 131.03557, 0.6; 143.03564, 0.6","135.03006, 100; 267.07385, 91.9; 268.07684, 5.1; 136.03422, 2.2; 177.04129, 0.5","135.03029, 100; 150.04128, 14.4; 106.03996, 10.1; 166.05366, 10; 267.07413, 8.3; 65.01334, 7.2; 157.05127, 4.5; 82.03997, 4.5; 171.06717, 4; 130.04025, 3.4; 66.0086, 3; 132.05582, 2.4; 120.05562, 2.3; 151.04143, 2.3; 147.06674, 2.1; 121.05107, 2; 197.08311, 1.9; 107.03521, 1.9; 156.05611, 1.7; 136.0337, 1.6; 198.07791, 1.5; 240.08897, 1.5; 133.05099, 1.4; 81.04461, 1.4; 105.0448, 1.4; 144.04325, 1.4; 220.19688, 1.3; 176.05737, 1.3; 92.02427, 1.2; 145.0513, 1.1; 219.8692, 1.1; 159.06667, 1.1; 213.07795, 1.1; 220.5038, 1; 118.04011, 1; 266.08939, 0.9; 219.85603, 0.7; 65.99738, 0.7; 142.03999, 0.7; 225.08999, 0.7; 91.02903, 0.7; 116.0243, 0.7; 122.0349, 0.7; 185.08287, 0.6; 220.51625, 0.6; 131.03557, 0.6; 143.03564, 0.6",267.073492884,267.072946,0.640761618797215
"238827","I267.0726R11.17_HILICNeg_X_HILICNeg","INOSINE ID:CCMSLIB00000578104",3.48064207143563,0.591770501867778,"CCMSLIB00000578104","INOSINE","135.03006, 100; 267.07385, 91.9; 268.07684, 5.1; 136.03422, 2.2; 177.04129, 0.5",267.073492884,267.0725633,"87.00763, 100; 101.02334, 66.9; 267.07239, 46.9; 59.01266, 45.3; 71.01268, 38.7; 106.03993, 36.2; 65.01336, 24.8; 89.02328, 23.6; 237.06181, 22.8; 166.05331, 20.8; 75.00769, 19.7; 105.01821, 16.7; 85.02824, 16.7; 66.00861, 16.2; 132.05573, 15.8; 82.03983, 15.2; 130.04016, 14.9; 157.05136, 14; 171.0668, 13.9; 113.0233, 13.8; 198.07771, 12.8; 73.02834, 11.6; 119.0341, 11.5; 156.056, 11.3; 120.0556, 6; 131.03499, 5.9; 61.98724, 5.9; 129.01842, 5.6; 105.04465, 5.6; 223.89104, 5.4; 107.03526, 5.3; 213.07832, 5.2; 144.05537, 5.1; 81.04465, 5; 240.08826, 5; 92.02432, 4.6; 121.05091, 4.6; 145.05051, 4.6; 83.02383, 4.6; 133.05109, 4.5; 142.04041, 4.5; 87.00475, 4.4; 169.05116, 4.4; 83.01272, 4.4; 219.0509, 4.3; 197.08218, 4.3; 148.05081, 4.2; 121.03965, 4.2; 159.06712, 4.2; 65.99729, 4.1; 223.87837, 4; 181.05141, 4; 225.07748, 3.9; 118.04009, 3.8; 224.09419, 3.8; 147.0553, 3.8; 183.06709, 3.8; 91.02905, 3.7; 196.06245, 3.5; 158.04716, 3.3; 134.03479, 3.2; 119.06056, 3; 72.40837, 3; 242.88736, 2.9; 101.73653, 2.9; 139.20265, 2.9; 92.92683, 2.9; 61.76694, 2.8; 96.97018, 2.8; 219.55209, 2.7; 224.73079, 2.7; 268.71353, 2.7; 199.0728, 2.7; 72.62506, 2.7; 130.50117, 2.6; 60.53605, 2.6; 73.73257, 2.6; 98.91158, 2.6; 184.33243, 2.5; 123.42855, 2.5; 60.37306, 2.5; 66.97381, 2.5; 78.34675, 2.5; 209.02884, 2.4; 88.15565, 2.4; 220.96109, 2.4; 53.91296, 2.4; 71.03653, 2.2","135.03006, 100; 267.07385, 91.9; 268.07684, 5.1; 136.03422, 2.2; 177.04129, 0.5","87.00763, 100; 101.02334, 66.9; 267.07239, 46.9; 59.01266, 45.3; 71.01268, 38.7; 106.03993, 36.2; 65.01336, 24.8; 89.02328, 23.6; 237.06181, 22.8; 166.05331, 20.8; 75.00769, 19.7; 105.01821, 16.7; 85.02824, 16.7; 66.00861, 16.2; 132.05573, 15.8; 82.03983, 15.2; 130.04016, 14.9; 157.05136, 14; 171.0668, 13.9; 113.0233, 13.8; 198.07771, 12.8; 73.02834, 11.6; 119.0341, 11.5; 156.056, 11.3; 120.0556, 6; 131.03499, 5.9; 61.98724, 5.9; 129.01842, 5.6; 105.04465, 5.6; 223.89104, 5.4; 107.03526, 5.3; 213.07832, 5.2; 144.05537, 5.1; 81.04465, 5; 240.08826, 5; 92.02432, 4.6; 121.05091, 4.6; 145.05051, 4.6; 83.02383, 4.6; 133.05109, 4.5; 142.04041, 4.5; 87.00475, 4.4; 169.05116, 4.4; 83.01272, 4.4; 219.0509, 4.3; 197.08218, 4.3; 148.05081, 4.2; 121.03965, 4.2; 159.06712, 4.2; 65.99729, 4.1; 223.87837, 4; 181.05141, 4; 225.07748, 3.9; 118.04009, 3.8; 224.09419, 3.8; 147.0553, 3.8; 183.06709, 3.8; 91.02905, 3.7; 196.06245, 3.5; 158.04716, 3.3; 134.03479, 3.2; 119.06056, 3; 72.40837, 3; 242.88736, 2.9; 101.73653, 2.9; 139.20265, 2.9; 92.92683, 2.9; 61.76694, 2.8; 96.97018, 2.8; 219.55209, 2.7; 224.73079, 2.7; 268.71353, 2.7; 199.0728, 2.7; 72.62506, 2.7; 130.50117, 2.6; 60.53605, 2.6; 73.73257, 2.6; 98.91158, 2.6; 184.33243, 2.5; 123.42855, 2.5; 60.37306, 2.5; 66.97381, 2.5; 78.34675, 2.5; 209.02884, 2.4; 88.15565, 2.4; 220.96109, 2.4; 53.91296, 2.4; 71.03653, 2.2",267.073492884,267.0725633,0.591770501867778
"238828","I267.0726R11.17_HILICNeg_X_HILICNeg","Inosine; INO; (?)-Inosine; beta-Inosine; Hypoxanthine 9-beta-D-ribofuranoside; 9-beta-D-ribofuranosylhypoxanthine; Hypoxanthine ribonucleoside; Oxiamin; Ribonosine; Trophicardyl ID:PR100571",3.48064207143563,0.579245265564778,"PR100571","Inosine; INO; (?)-Inosine; beta-Inosine; Hypoxanthine 9-beta-D-ribofuranoside; 9-beta-D-ribofuranosylhypoxanthine; Hypoxanthine ribonucleoside; Oxiamin; Ribonosine; Trophicardyl","135.031, 100; 267.073, 38.7; 108.0207, 16; 92.0259, 11.3",267.073492884,267.0725633,"87.00763, 100; 101.02334, 66.9; 267.07239, 46.9; 59.01266, 45.3; 71.01268, 38.7; 106.03993, 36.2; 65.01336, 24.8; 89.02328, 23.6; 237.06181, 22.8; 166.05331, 20.8; 75.00769, 19.7; 105.01821, 16.7; 85.02824, 16.7; 66.00861, 16.2; 132.05573, 15.8; 82.03983, 15.2; 130.04016, 14.9; 157.05136, 14; 171.0668, 13.9; 113.0233, 13.8; 198.07771, 12.8; 73.02834, 11.6; 119.0341, 11.5; 156.056, 11.3; 120.0556, 6; 131.03499, 5.9; 61.98724, 5.9; 129.01842, 5.6; 105.04465, 5.6; 223.89104, 5.4; 107.03526, 5.3; 213.07832, 5.2; 144.05537, 5.1; 81.04465, 5; 240.08826, 5; 92.02432, 4.6; 121.05091, 4.6; 145.05051, 4.6; 83.02383, 4.6; 133.05109, 4.5; 142.04041, 4.5; 87.00475, 4.4; 169.05116, 4.4; 83.01272, 4.4; 219.0509, 4.3; 197.08218, 4.3; 148.05081, 4.2; 121.03965, 4.2; 159.06712, 4.2; 65.99729, 4.1; 223.87837, 4; 181.05141, 4; 225.07748, 3.9; 118.04009, 3.8; 224.09419, 3.8; 147.0553, 3.8; 183.06709, 3.8; 91.02905, 3.7; 196.06245, 3.5; 158.04716, 3.3; 134.03479, 3.2; 119.06056, 3; 72.40837, 3; 242.88736, 2.9; 101.73653, 2.9; 139.20265, 2.9; 92.92683, 2.9; 61.76694, 2.8; 96.97018, 2.8; 219.55209, 2.7; 224.73079, 2.7; 268.71353, 2.7; 199.0728, 2.7; 72.62506, 2.7; 130.50117, 2.6; 60.53605, 2.6; 73.73257, 2.6; 98.91158, 2.6; 184.33243, 2.5; 123.42855, 2.5; 60.37306, 2.5; 66.97381, 2.5; 78.34675, 2.5; 209.02884, 2.4; 88.15565, 2.4; 220.96109, 2.4; 53.91296, 2.4; 71.03653, 2.2","135.031, 100; 267.073, 38.7; 108.0207, 16; 92.0259, 11.3","87.00763, 100; 101.02334, 66.9; 267.07239, 46.9; 59.01266, 45.3; 71.01268, 38.7; 106.03993, 36.2; 65.01336, 24.8; 89.02328, 23.6; 237.06181, 22.8; 166.05331, 20.8; 75.00769, 19.7; 105.01821, 16.7; 85.02824, 16.7; 66.00861, 16.2; 132.05573, 15.8; 82.03983, 15.2; 130.04016, 14.9; 157.05136, 14; 171.0668, 13.9; 113.0233, 13.8; 198.07771, 12.8; 73.02834, 11.6; 119.0341, 11.5; 156.056, 11.3; 120.0556, 6; 131.03499, 5.9; 61.98724, 5.9; 129.01842, 5.6; 105.04465, 5.6; 223.89104, 5.4; 107.03526, 5.3; 213.07832, 5.2; 144.05537, 5.1; 81.04465, 5; 240.08826, 5; 92.02432, 4.6; 121.05091, 4.6; 145.05051, 4.6; 83.02383, 4.6; 133.05109, 4.5; 142.04041, 4.5; 87.00475, 4.4; 169.05116, 4.4; 83.01272, 4.4; 219.0509, 4.3; 197.08218, 4.3; 148.05081, 4.2; 121.03965, 4.2; 159.06712, 4.2; 65.99729, 4.1; 223.87837, 4; 181.05141, 4; 225.07748, 3.9; 118.04009, 3.8; 224.09419, 3.8; 147.0553, 3.8; 183.06709, 3.8; 91.02905, 3.7; 196.06245, 3.5; 158.04716, 3.3; 134.03479, 3.2; 119.06056, 3; 72.40837, 3; 242.88736, 2.9; 101.73653, 2.9; 139.20265, 2.9; 92.92683, 2.9; 61.76694, 2.8; 96.97018, 2.8; 219.55209, 2.7; 224.73079, 2.7; 268.71353, 2.7; 199.0728, 2.7; 72.62506, 2.7; 130.50117, 2.6; 60.53605, 2.6; 73.73257, 2.6; 98.91158, 2.6; 184.33243, 2.5; 123.42855, 2.5; 60.37306, 2.5; 66.97381, 2.5; 78.34675, 2.5; 209.02884, 2.4; 88.15565, 2.4; 220.96109, 2.4; 53.91296, 2.4; 71.03653, 2.2",267.073492884,267.0725633,0.579245265564778
"240707","Isethionic Acid_X_HILICNeg","Isethionate; 2-Hydroxyethanesulfonic acid; Isethionic acid; 2-Hydroxyethane-1-sulfonic acid; 2-Hydroxyethanesulfonate ID:KO001232",4.36889555843018,0.771982012815562,"KO001232","Isethionate; 2-Hydroxyethanesulfonic acid; Isethionic acid; 2-Hydroxyethane-1-sulfonic acid; 2-Hydroxyethanesulfonate","125, 100; 95.1, 44.2; 80.1, 38.2; 106.9, 13.8; 123.1, 2; 89, 0.5",124.991403072,124.990857,"124.99041, 100; 94.97973, 27.2; 79.9562, 18.2; 106.97979, 6.3; 82.03949, 5.6; 125.89882, 3.8; 124.05066, 3.1; 82.02823, 2.7; 125.99171, 1.9; 122.97472, 1.3; 58.02864, 1.3; 125.03469, 0.9; 83.02392, 0.8; 81.04465, 0.6; 66.00831, 0.6; 65.01332, 0.6; 83.04149, 0.6","125, 100; 95.1, 44.2; 80.1, 38.2; 106.9, 13.8; 123.1, 2; 89, 0.5","124.99041, 100; 94.97973, 27.2; 79.9562, 18.2; 106.97979, 6.3; 82.03949, 5.6; 125.89882, 3.8; 124.05066, 3.1; 82.02823, 2.7; 125.99171, 1.9; 122.97472, 1.3; 58.02864, 1.3; 125.03469, 0.9; 83.02392, 0.8; 81.04465, 0.6; 66.00831, 0.6; 65.01332, 0.6; 83.04149, 0.6",124.991403072,124.990857,0.771982012815562
"270759","I346.0564R12.06_HILICNeg_X_HILICNeg","2'-DEOXYGUANOSINE 5'-MONOPHOSPHATE ID:CCMSLIB00000578209",1.79069640305594,0.664962775262334,"CCMSLIB00000578209","2'-DEOXYGUANOSINE 5'-MONOPHOSPHATE","78.95758, 100; 96.96823, 36.6; 134.04605, 11.8; 346.05615, 11.2; 150.97914, 4.9; 211.0009, 3.6; 138.97905, 2.4; 192.99011, 2; 347.05951, 0.5",346.055807818,346.0564275,"78.95782, 100; 96.96841, 29.3; 134.04619, 10.5; 150.97937, 4.5; 223.9081, 1.6; 211.00117, 1.1; 346.05545, 0.9; 365.27081, 0.8; 211.83575, 0.8; 68.2844, 0.7; 138.97981, 0.7; 99.37633, 0.7; 93.87428, 0.7; 63.84402, 0.7; 64.66785, 0.7; 66.01476, 0.7; 84.86903, 0.7; 104.05881, 0.6; 168.48531, 0.6; 55.26927, 0.6","78.95758, 100; 96.96823, 36.6; 134.04605, 11.8; 346.05615, 11.2; 150.97914, 4.9; 211.0009, 3.6; 138.97905, 2.4; 192.99011, 2; 347.05951, 0.5","78.95782, 100; 96.96841, 29.3; 134.04619, 10.5; 150.97937, 4.5; 223.9081, 1.6; 211.00117, 1.1; 346.05545, 0.9; 365.27081, 0.8; 211.83575, 0.8; 68.2844, 0.7; 138.97981, 0.7; 99.37633, 0.7; 93.87428, 0.7; 63.84402, 0.7; 64.66785, 0.7; 66.01476, 0.7; 84.86903, 0.7; 104.05881, 0.6; 168.48531, 0.6; 55.26927, 0.6",346.055807818,346.0564275,0.664962775262334
"270760","I346.0564R12.06_HILICNeg_X_HILICNeg","Adenosine 3'-monophosphate; 3'-AMP; 3'-Adenylic acid; Synadenylic acid; 3'-Adenosine monophosphate; AMP 3'-phosphate ID:PR100898",1.79069640305594,0.617426892096165,"PR100898","Adenosine 3'-monophosphate; 3'-AMP; 3'-Adenylic acid; Synadenylic acid; 3'-Adenosine monophosphate; AMP 3'-phosphate","78.9602, 100; 211.0013, 95.6; 134.0473, 57.2; 346.0553, 49.1; 96.9704, 25.9",346.055807818,346.0564275,"78.95782, 100; 96.96841, 29.3; 134.04619, 10.5; 150.97937, 4.5; 223.9081, 1.6; 211.00117, 1.1; 346.05545, 0.9; 365.27081, 0.8; 211.83575, 0.8; 68.2844, 0.7; 138.97981, 0.7; 99.37633, 0.7; 93.87428, 0.7; 63.84402, 0.7; 64.66785, 0.7; 66.01476, 0.7; 84.86903, 0.7; 104.05881, 0.6; 168.48531, 0.6; 55.26927, 0.6","78.9602, 100; 211.0013, 95.6; 134.0473, 57.2; 346.0553, 49.1; 96.9704, 25.9","78.95782, 100; 96.96841, 29.3; 134.04619, 10.5; 150.97937, 4.5; 223.9081, 1.6; 211.00117, 1.1; 346.05545, 0.9; 365.27081, 0.8; 211.83575, 0.8; 68.2844, 0.7; 138.97981, 0.7; 99.37633, 0.7; 93.87428, 0.7; 63.84402, 0.7; 64.66785, 0.7; 66.01476, 0.7; 84.86903, 0.7; 104.05881, 0.6; 168.48531, 0.6; 55.26927, 0.6",346.055807818,346.0564275,0.617426892096165
"270761","I346.0564R12.06_HILICNeg_X_HILICNeg","3'-AMP; [(2R,3S,4R,5R)-5-(6-aminopurin-9-yl)-4-hydroxy-2-(hydroxymethyl)oxolan-3-yl] dihydrogen phosphate ID:ML001151",1.79069640305594,0.583436252789047,"ML001151","3'-AMP; [(2R,3S,4R,5R)-5-(6-aminopurin-9-yl)-4-hydroxy-2-(hydroxymethyl)oxolan-3-yl] dihydrogen phosphate","211.0011, 100; 346.0559, 38; 78.9591, 22.5; 134.0472, 9.6; 96.9696, 4.4",346.055807818,346.0564275,"78.95782, 100; 96.96841, 29.3; 134.04619, 10.5; 150.97937, 4.5; 223.9081, 1.6; 211.00117, 1.1; 346.05545, 0.9; 365.27081, 0.8; 211.83575, 0.8; 68.2844, 0.7; 138.97981, 0.7; 99.37633, 0.7; 93.87428, 0.7; 63.84402, 0.7; 64.66785, 0.7; 66.01476, 0.7; 84.86903, 0.7; 104.05881, 0.6; 168.48531, 0.6; 55.26927, 0.6","211.0011, 100; 346.0559, 38; 78.9591, 22.5; 134.0472, 9.6; 96.9696, 4.4","78.95782, 100; 96.96841, 29.3; 134.04619, 10.5; 150.97937, 4.5; 223.9081, 1.6; 211.00117, 1.1; 346.05545, 0.9; 365.27081, 0.8; 211.83575, 0.8; 68.2844, 0.7; 138.97981, 0.7; 99.37633, 0.7; 93.87428, 0.7; 63.84402, 0.7; 64.66785, 0.7; 66.01476, 0.7; 84.86903, 0.7; 104.05881, 0.6; 168.48531, 0.6; 55.26927, 0.6",346.055807818,346.0564275,0.583436252789047
"270762","I346.0564R12.06_HILICNeg_X_HILICNeg","Adenosine 5'-monophosphate; AMP; A-5'-P; 5'-Adenylic acid; Phosphaden; Adenovite ID:PR100515",1.79069640305594,0.570893726881344,"PR100515","Adenosine 5'-monophosphate; AMP; A-5'-P; 5'-Adenylic acid; Phosphaden; Adenovite","78.9598, 100; 346.0553, 66.8; 96.9698, 37.9; 134.047, 29.9",346.055807818,346.0564275,"78.95782, 100; 96.96841, 29.3; 134.04619, 10.5; 150.97937, 4.5; 223.9081, 1.6; 211.00117, 1.1; 346.05545, 0.9; 365.27081, 0.8; 211.83575, 0.8; 68.2844, 0.7; 138.97981, 0.7; 99.37633, 0.7; 93.87428, 0.7; 63.84402, 0.7; 64.66785, 0.7; 66.01476, 0.7; 84.86903, 0.7; 104.05881, 0.6; 168.48531, 0.6; 55.26927, 0.6","78.9598, 100; 346.0553, 66.8; 96.9698, 37.9; 134.047, 29.9","78.95782, 100; 96.96841, 29.3; 134.04619, 10.5; 150.97937, 4.5; 223.9081, 1.6; 211.00117, 1.1; 346.05545, 0.9; 365.27081, 0.8; 211.83575, 0.8; 68.2844, 0.7; 138.97981, 0.7; 99.37633, 0.7; 93.87428, 0.7; 63.84402, 0.7; 64.66785, 0.7; 66.01476, 0.7; 84.86903, 0.7; 104.05881, 0.6; 168.48531, 0.6; 55.26927, 0.6",346.055807818,346.0564275,0.570893726881344
"270763","I346.0564R12.06_HILICNeg_X_HILICNeg","2'-Deoxyguanosine 5'-monophosphate; dGMP; Deoxy-GMP; 5'-Deoxyguanylic acid; vernine ID:PR100696",1.79069640305594,0.543253949370484,"PR100696","2'-Deoxyguanosine 5'-monophosphate; dGMP; Deoxy-GMP; 5'-Deoxyguanylic acid; vernine","78.9598, 100; 346.0553, 41.6; 150.0415, 17.1; 96.97, 15.8; 133.0154, 14.6",346.055807818,346.0564275,"78.95782, 100; 96.96841, 29.3; 134.04619, 10.5; 150.97937, 4.5; 223.9081, 1.6; 211.00117, 1.1; 346.05545, 0.9; 365.27081, 0.8; 211.83575, 0.8; 68.2844, 0.7; 138.97981, 0.7; 99.37633, 0.7; 93.87428, 0.7; 63.84402, 0.7; 64.66785, 0.7; 66.01476, 0.7; 84.86903, 0.7; 104.05881, 0.6; 168.48531, 0.6; 55.26927, 0.6","78.9598, 100; 346.0553, 41.6; 150.0415, 17.1; 96.97, 15.8; 133.0154, 14.6","78.95782, 100; 96.96841, 29.3; 134.04619, 10.5; 150.97937, 4.5; 223.9081, 1.6; 211.00117, 1.1; 346.05545, 0.9; 365.27081, 0.8; 211.83575, 0.8; 68.2844, 0.7; 138.97981, 0.7; 99.37633, 0.7; 93.87428, 0.7; 63.84402, 0.7; 64.66785, 0.7; 66.01476, 0.7; 84.86903, 0.7; 104.05881, 0.6; 168.48531, 0.6; 55.26927, 0.6",346.055807818,346.0564275,0.543253949370484
"359973","I204.1232R7.22_HILICPos_X_HILICPos","Panthenol ID:BML01159",4.65938262440311,0.873243014878541,"BML01159","Panthenol","204.1241, 100; 102.0562, 18; 101.0607, 2.9; 129.0556, 2.3; 126.0936, 2; 156.1024, 1.8; 174.1142, 1.2; 130.0499, 1; 172.0993, 0.8; 100.0421, 0.6; 102.0878, 0.5",204.124131488,204.1231804,"85.02901, 100; 204.12314, 48.5; 145.04961, 18.4; 60.08154, 17.2; 144.10205, 3.7; 121.9581, 1.5; 205.12634, 1.5; 220.00911, 1.3; 86.03239, 1.2; 164.05688, 1.1; 102.09165, 0.7","204.1241, 100; 102.0562, 18; 101.0607, 2.9; 129.0556, 2.3; 126.0936, 2; 156.1024, 1.8; 174.1142, 1.2; 130.0499, 1; 172.0993, 0.8; 100.0421, 0.6; 102.0878, 0.5","85.02901, 100; 204.12314, 48.5; 145.04961, 18.4; 60.08154, 17.2; 144.10205, 3.7; 121.9581, 1.5; 205.12634, 1.5; 220.00911, 1.3; 86.03239, 1.2; 164.05688, 1.1; 102.09165, 0.7",204.124131488,204.1231804,0.873243014878541
"359974","I204.1233R3.65_HILICPos_X_HILICPos","Panthenol ID:BML01159",4.00732275979995,0.807937341394264,"BML01159","Panthenol","204.1241, 100; 102.0562, 18; 101.0607, 2.9; 129.0556, 2.3; 126.0936, 2; 156.1024, 1.8; 174.1142, 1.2; 130.0499, 1; 172.0993, 0.8; 100.0421, 0.6; 102.0878, 0.5",204.124131488,204.1233135,"145.04958, 100; 204.123, 86.8; 60.08154, 30.2; 215.78981, 29.4; 215.77638, 21.7; 121.95802, 14.4; 204.14919, 5.7; 204.11359, 5.1; 144.10178, 4.1; 204.17493, 3.2; 55.01877, 3; 51.11414, 2.8; 68.50523, 2.8; 120.69811, 2.8; 203.1181, 2.7; 164.03851, 2.7; 66.72484, 2.6; 70.25739, 2.5; 57.9242, 2.4; 115.85302, 2.3; 53.92036, 2.1","204.1241, 100; 102.0562, 18; 101.0607, 2.9; 129.0556, 2.3; 126.0936, 2; 156.1024, 1.8; 174.1142, 1.2; 130.0499, 1; 172.0993, 0.8; 100.0421, 0.6; 102.0878, 0.5","145.04958, 100; 204.123, 86.8; 60.08154, 30.2; 215.78981, 29.4; 215.77638, 21.7; 121.95802, 14.4; 204.14919, 5.7; 204.11359, 5.1; 144.10178, 4.1; 204.17493, 3.2; 55.01877, 3; 51.11414, 2.8; 68.50523, 2.8; 120.69811, 2.8; 203.1181, 2.7; 164.03851, 2.7; 66.72484, 2.6; 70.25739, 2.5; 57.9242, 2.4; 115.85302, 2.3; 53.92036, 2.1",204.124131488,204.1233135,0.807937341394264
"359975","I204.1232R7.22_HILICPos_X_HILICPos","Panthenol ID:BML01168",4.65938262440311,0.696225988829947,"BML01168","Panthenol","102.056, 100; 204.1236, 23.9; 126.0925, 16.9; 100.0406, 6.7; 130.0513, 5.3; 102.0856, 3.7; 146.0797, 3.5; 129.0576, 3.3; 156.1024, 2.9; 172.095, 2.5; 108.0829, 2.4; 174.1094, 2.1; 102.1496, 1.4; 102.1027, 1.1; 102.1273, 0.8; 101.0525, 0.7; 124.0757, 0.7; 167.3965, 0.7; 126.131, 0.7; 132.0653, 0.6; 117.106, 0.6; 116.0718, 0.6; 144.0966, 0.6; 100.0752, 0.5",204.124131488,204.1231804,"85.02901, 100; 204.12314, 48.5; 145.04961, 18.4; 60.08154, 17.2; 144.10205, 3.7; 121.9581, 1.5; 205.12634, 1.5; 220.00911, 1.3; 86.03239, 1.2; 164.05688, 1.1; 102.09165, 0.7","102.056, 100; 204.1236, 23.9; 126.0925, 16.9; 100.0406, 6.7; 130.0513, 5.3; 102.0856, 3.7; 146.0797, 3.5; 129.0576, 3.3; 156.1024, 2.9; 172.095, 2.5; 108.0829, 2.4; 174.1094, 2.1; 102.1496, 1.4; 102.1027, 1.1; 102.1273, 0.8; 101.0525, 0.7; 124.0757, 0.7; 167.3965, 0.7; 126.131, 0.7; 132.0653, 0.6; 117.106, 0.6; 116.0718, 0.6; 144.0966, 0.6; 100.0752, 0.5","85.02901, 100; 204.12314, 48.5; 145.04961, 18.4; 60.08154, 17.2; 144.10205, 3.7; 121.9581, 1.5; 205.12634, 1.5; 220.00911, 1.3; 86.03239, 1.2; 164.05688, 1.1; 102.09165, 0.7",204.124131488,204.1231804,0.696225988829947
"359976","I204.1233R3.65_HILICPos_X_HILICPos","Panthenol ID:BML01168",4.00732275979995,0.638731247128652,"BML01168","Panthenol","102.056, 100; 204.1236, 23.9; 126.0925, 16.9; 100.0406, 6.7; 130.0513, 5.3; 102.0856, 3.7; 146.0797, 3.5; 129.0576, 3.3; 156.1024, 2.9; 172.095, 2.5; 108.0829, 2.4; 174.1094, 2.1; 102.1496, 1.4; 102.1027, 1.1; 102.1273, 0.8; 101.0525, 0.7; 124.0757, 0.7; 167.3965, 0.7; 126.131, 0.7; 132.0653, 0.6; 117.106, 0.6; 116.0718, 0.6; 144.0966, 0.6; 100.0752, 0.5",204.124131488,204.1233135,"145.04958, 100; 204.123, 86.8; 60.08154, 30.2; 215.78981, 29.4; 215.77638, 21.7; 121.95802, 14.4; 204.14919, 5.7; 204.11359, 5.1; 144.10178, 4.1; 204.17493, 3.2; 55.01877, 3; 51.11414, 2.8; 68.50523, 2.8; 120.69811, 2.8; 203.1181, 2.7; 164.03851, 2.7; 66.72484, 2.6; 70.25739, 2.5; 57.9242, 2.4; 115.85302, 2.3; 53.92036, 2.1","102.056, 100; 204.1236, 23.9; 126.0925, 16.9; 100.0406, 6.7; 130.0513, 5.3; 102.0856, 3.7; 146.0797, 3.5; 129.0576, 3.3; 156.1024, 2.9; 172.095, 2.5; 108.0829, 2.4; 174.1094, 2.1; 102.1496, 1.4; 102.1027, 1.1; 102.1273, 0.8; 101.0525, 0.7; 124.0757, 0.7; 167.3965, 0.7; 126.131, 0.7; 132.0653, 0.6; 117.106, 0.6; 116.0718, 0.6; 144.0966, 0.6; 100.0752, 0.5","145.04958, 100; 204.123, 86.8; 60.08154, 30.2; 215.78981, 29.4; 215.77638, 21.7; 121.95802, 14.4; 204.14919, 5.7; 204.11359, 5.1; 144.10178, 4.1; 204.17493, 3.2; 55.01877, 3; 51.11414, 2.8; 68.50523, 2.8; 120.69811, 2.8; 203.1181, 2.7; 164.03851, 2.7; 66.72484, 2.6; 70.25739, 2.5; 57.9242, 2.4; 115.85302, 2.3; 53.92036, 2.1",204.124131488,204.1233135,0.638731247128652
